{"cameraMode":{"drawMode":0,"name":"Shaded","section":"Shading Mode"},"sceneLighting":true,"audioPlay":false,"sceneViewState":{"m_AlwaysRefresh":false,"showFog":true,"showSkybox":true,"showFlares":true,"showImageEffects":true,"showParticleSystems":true,"showVisualEffectGraphs":true,"m_FxEnabled":true},"in2DMode":false,"pivot":{"x":-7.869935035705566,"y":-24.047189712524415,"z":87.10022735595703},"rotation":{"x":0.1538776308298111,"y":0.010374676436185837,"z":-0.001615893910638988,"w":0.9880366325378418},"size":58.603275299072269,"orthographic":false}